City_ID,City,Country,Date,Lat,Lng,Max Temp,Humidity,Cloudiness,Wind Speed
0,Glamoc,BA,2021-12-02 09:07:25,44.0458,16.8486,41.45,96,100,16.11
1,Grindavik,IS,2021-12-02 09:07:26,63.8424,-22.4338,39.67,75,75,13.8
2,Severo-Kurilsk,RU,2021-12-02 09:07:26,50.6789,156.125,35.19,72,59,29.08
3,Hilton Head Island,US,2021-12-02 09:07:27,32.2163,-80.7526,52.99,83,20,0.0
4,Ughelli,NG,2021-12-02 09:07:27,5.4899,6.0074,87.39,63,100,3.85
5,Cape Town,ZA,2021-12-02 09:05:28,-33.9258,18.4232,66.11,71,68,17.02
6,Khatanga,RU,2021-12-02 09:07:28,71.9667,102.5,-42.83,100,99,2.8
7,Nanortalik,GL,2021-12-02 09:07:29,60.1432,-45.2371,31.95,91,100,16.4
8,Salalah,OM,2021-12-02 09:07:30,17.0151,54.0924,82.49,57,20,11.5
9,Mar Del Plata,AR,2021-12-02 09:04:32,-38.0023,-57.5575,59.88,85,35,8.99
10,Petropavlovsk-Kamchatskiy,RU,2021-12-02 09:07:31,53.0452,158.6483,33.89,90,89,17.67
11,Verkhoyansk,RU,2021-12-02 09:07:32,67.5447,133.385,-47.04,100,97,2.53
12,Mitsamiouli,KM,2021-12-02 09:07:34,-11.3847,43.2844,82.78,69,38,7.4
13,Yellowknife,CA,2021-12-02 09:05:22,62.456,-114.3525,-1.44,84,92,8.01
14,Atuona,PF,2021-12-02 09:06:47,-9.8,-139.0333,78.39,75,62,22.73
15,Macusani,PE,2021-12-02 09:07:35,-14.0833,-70.4333,36.88,99,99,1.03
16,Kendari,ID,2021-12-02 09:07:36,-3.945,122.4989,84.97,70,97,1.92
17,Hermanus,ZA,2021-12-02 09:07:36,-34.4187,19.2345,60.91,67,96,12.97
18,Waingapu,ID,2021-12-02 09:07:37,-9.6567,120.2641,83.52,73,100,3.85
19,Butaritari,KI,2021-12-02 09:07:37,3.0707,172.7902,82.17,73,9,8.5
20,Ossora,RU,2021-12-02 09:07:38,59.2353,163.0719,35.33,98,100,12.55
21,Lebu,CL,2021-12-02 09:07:39,-37.6167,-73.65,52.32,81,100,17.05
22,Barrow,US,2021-12-02 09:07:39,71.2906,-156.7887,-11.18,70,90,5.75
23,Zhigansk,RU,2021-12-02 09:07:40,66.7697,123.3711,-40.65,97,63,9.22
24,Cherskiy,RU,2021-12-02 09:07:40,68.75,161.3,-31.14,97,31,7.94
25,Vila Franca Do Campo,PT,2021-12-02 09:07:41,37.7167,-25.4333,62.2,83,74,5.44
26,Puerto Ayora,EC,2021-12-02 09:07:42,-0.7393,-90.3518,67.6,90,20,7.25
27,Nikolskoye,RU,2021-12-02 09:07:42,59.7035,30.7861,16.81,94,100,2.1
28,Mount Gambier,AU,2021-12-02 09:07:43,-37.8333,140.7667,56.57,67,3,9.86
29,Kapaa,US,2021-12-02 09:07:43,22.0752,-159.319,77.32,83,75,3.0
30,Taltal,CL,2021-12-02 09:07:44,-25.4,-70.4833,59.4,84,92,0.69
31,Chokurdakh,RU,2021-12-02 09:07:45,70.6333,147.9167,-42.38,100,56,3.06
32,Hobart,AU,2021-12-02 09:06:05,-42.8794,147.3294,69.12,93,75,1.01
33,Pudozh,RU,2021-12-02 09:07:46,61.8099,36.5345,20.01,95,99,5.99
34,Kalmunai,LK,2021-12-02 09:07:46,7.4167,81.8167,83.84,70,93,10.47
35,Chunskiy,RU,2021-12-02 09:07:47,56.0815,99.6342,27.91,91,100,9.75
36,Bastrop,US,2021-12-02 09:07:48,32.7562,-91.8724,53.28,93,0,5.53
37,Port Alfred,ZA,2021-12-02 09:07:48,-33.5906,26.891,67.5,81,100,20.6
38,Flinders,AU,2021-12-02 09:07:49,-34.5833,150.8552,72.21,81,42,6.8
39,Cap Malheureux,MU,2021-12-02 09:07:49,-19.9842,57.6142,85.46,61,5,8.99
40,Kavaratti,IN,2021-12-02 09:07:50,10.5669,72.642,81.37,79,19,9.44
41,Kavieng,PG,2021-12-02 09:07:51,-2.5744,150.7967,83.03,74,25,7.81
42,Albany,US,2021-12-02 09:07:25,42.6001,-73.9662,40.32,86,100,6.51
43,Saskylakh,RU,2021-12-02 09:07:52,71.9167,114.0833,-37.64,100,93,1.54
44,Norman Wells,CA,2021-12-02 09:08:53,65.282,-126.8329,-21.84,97,100,9.06
45,Constitucion,CL,2021-12-02 09:08:53,-35.3333,-72.4167,52.05,72,32,4.5
46,Rikitea,PF,2021-12-02 09:04:16,-23.1203,-134.9692,75.58,78,1,18.14
47,U Thong,TH,2021-12-02 09:08:54,14.3751,99.8923,81.84,56,48,12.26
48,East London,ZA,2021-12-02 09:08:55,-33.0153,27.9116,69.69,75,100,20.8
49,Kruisfontein,ZA,2021-12-02 09:08:55,-34.0033,24.7314,65.88,68,100,16.53
50,Jamestown,US,2021-12-02 09:08:56,42.097,-79.2353,43.92,98,90,4.0
51,Waspan,NI,2021-12-02 09:08:57,14.7419,-83.9717,70.07,98,60,3.8
52,Port Lincoln,AU,2021-12-02 09:08:58,-34.7333,135.8667,60.58,64,0,15.97
53,Boa Vista,BR,2021-12-02 09:08:58,2.8197,-60.6733,76.98,88,90,8.05
54,Ilesha,NG,2021-12-02 09:08:59,7.1371,5.2583,84.83,58,99,2.68
55,Teknaf,BD,2021-12-02 09:08:59,20.8624,92.3058,83.03,53,20,9.01
56,Iqaluit,CA,2021-12-02 09:09:00,63.7506,-68.5145,22.69,67,100,5.99
57,Urengoy,RU,2021-12-02 09:09:01,65.9667,78.3667,6.04,95,100,18.05
58,Lata,PT,2021-12-02 09:09:01,40.1629,-8.3327,51.82,91,34,5.84
59,Ponta Do Sol,PT,2021-12-02 09:09:02,32.6667,-17.1,67.12,68,11,6.26
60,Lasa,IT,2021-12-02 09:09:03,46.6166,10.7002,34.02,90,100,3.38
61,Tuatapere,NZ,2021-12-02 09:09:03,-46.1333,167.6833,56.82,82,100,1.72
62,Rudabanya,HU,2021-12-02 09:09:04,48.3833,20.6333,42.78,88,100,8.41
63,Tungawan,PH,2021-12-02 09:09:04,7.5081,122.3711,80.78,84,100,2.04
64,Ushuaia,AR,2021-12-02 09:08:07,-54.8,-68.3,42.46,81,20,2.3
65,Torbay,CA,2021-12-02 09:09:05,47.6666,-52.7314,41.58,90,71,5.99
66,Mayo,US,2021-12-02 09:09:06,38.8876,-76.5119,50.29,86,20,3.44
67,Saint-Philippe,RE,2021-12-02 09:09:07,-21.3585,55.7679,83.75,84,47,13.44
68,Henties Bay,NA,2021-12-02 09:09:08,-22.116,14.2845,64.85,73,26,10.18
69,Nouadhibou,MR,2021-12-02 09:09:09,20.931,-17.0347,65.34,42,100,20.96
70,Georgetown,MY,2021-12-02 09:06:03,5.4112,100.3354,81.9,80,40,3.44
71,Upernavik,GL,2021-12-02 09:09:10,72.7868,-56.1549,26.06,91,100,7.94
72,Tuktoyaktuk,CA,2021-12-02 09:09:10,69.4541,-133.0374,-13.58,97,100,9.66
73,Carnarvon,AU,2021-12-02 09:09:11,-24.8667,113.6333,75.27,64,0,26.46
74,Bengkulu,ID,2021-12-02 09:09:12,-3.8004,102.2655,84.13,67,10,10.31
75,Mataura,NZ,2021-12-02 09:09:12,-46.1927,168.8643,56.48,79,100,2.77
76,Mahebourg,MU,2021-12-02 09:09:13,-20.4081,57.7,85.24,70,22,14.27
77,Busselton,AU,2021-12-02 09:09:13,-33.65,115.3333,78.08,45,5,17.02
78,Ilulissat,GL,2021-12-02 09:09:14,69.2167,-51.1,16.65,66,5,9.48
79,Da Lat,VN,2021-12-02 09:09:15,11.9465,108.4419,63.75,78,100,5.23
80,Comodoro Rivadavia,AR,2021-12-02 09:09:15,-45.8667,-67.5,51.66,43,0,12.66
81,Lazaro Cardenas,MX,2021-12-02 09:09:16,17.9583,-102.2,74.8,90,5,3.13
82,Bud,US,2021-12-02 09:09:16,39.447,-86.1758,49.3,93,95,11.86
83,Hilo,US,2021-12-02 09:09:17,19.7297,-155.09,75.27,86,75,5.75
84,Nelson Bay,AU,2021-12-02 09:09:18,-32.7167,152.15,72.0,85,0,9.73
85,Kattivakkam,IN,2021-12-02 09:09:19,13.2167,80.3167,87.89,68,31,13.0
86,Pontianak,ID,2021-12-02 09:09:19,-0.0333,109.3333,87.78,62,40,5.75
87,Krapivinskiy,RU,2021-12-02 09:09:20,54.9992,86.8133,22.64,91,100,4.05
88,Shelburne,CA,2021-12-02 09:05:59,44.0787,-80.2041,39.67,99,100,20.71
89,Bluff,NZ,2021-12-02 09:09:21,-46.6,168.3333,56.8,94,83,9.64
90,Hualmay,PE,2021-12-02 09:10:22,-11.0964,-77.6139,64.92,90,100,5.37
91,Owensboro,US,2021-12-02 09:08:01,37.7742,-87.1133,52.74,100,90,5.75
92,Massakory,TD,2021-12-02 09:10:23,12.996,15.7293,84.13,16,8,20.42
93,Amarillo,US,2021-12-02 09:10:23,35.222,-101.8313,51.1,43,1,1.99
94,Ayr,GB,2021-12-02 09:10:24,55.4627,-4.6339,36.1,86,20,4.61
95,Yarkovo,RU,2021-12-02 09:10:24,57.4028,67.0786,35.56,85,100,10.78
96,Belaya Gora,RU,2021-12-02 09:10:25,68.5333,146.4167,-46.25,100,81,1.95
97,Klaksvik,FO,2021-12-02 09:10:26,62.2266,-6.589,31.12,58,100,9.37
98,Campbell River,CA,2021-12-02 09:10:26,50.0163,-125.2446,44.13,100,100,7.94
99,Hithadhoo,MV,2021-12-02 09:10:27,-0.6,73.0833,82.65,74,14,8.77
100,Port Hedland,AU,2021-12-02 09:10:27,-20.3167,118.5667,98.65,30,56,25.32
101,Baykit,RU,2021-12-02 09:10:28,61.67,96.37,5.27,99,100,2.17
102,Safranbolu,TR,2021-12-02 09:10:29,41.2508,32.6942,49.73,64,21,2.77
103,Santiago Del Estero,AR,2021-12-02 09:10:29,-27.7951,-64.2615,69.17,48,47,5.12
104,Den Helder,NL,2021-12-02 09:10:30,52.9599,4.7593,42.78,87,75,8.05
105,Kapuskasing,CA,2021-12-02 09:06:12,49.4169,-82.4331,31.91,99,100,3.53
106,Victoria,HK,2021-12-02 09:09:31,22.2855,114.1577,71.04,34,5,7.0
107,Provideniya,RU,2021-12-02 09:10:32,64.3833,-173.3,-2.74,78,70,7.45
108,Tashigang,BT,2021-12-02 09:10:32,27.3331,91.5542,70.75,49,83,5.99
109,Tiksi,RU,2021-12-02 09:10:33,71.6872,128.8694,-29.74,100,68,3.0
110,Fonte Boa,BR,2021-12-02 09:10:33,-2.4959,-66.2662,71.24,99,100,2.75
111,Krasnokholm,RU,2021-12-02 09:10:34,51.5979,54.1567,31.87,76,8,10.92
112,Laizhou,CN,2021-12-02 09:10:35,37.1717,119.9214,42.24,56,0,12.1
113,Vaini,TO,2021-12-02 09:10:36,-21.2,-175.2,77.16,83,20,8.05
114,Avarua,CK,2021-12-02 09:10:36,-21.2078,-159.775,77.05,83,40,19.57
115,Nome,US,2021-12-02 09:10:37,64.5011,-165.4064,-9.33,64,1,8.05
116,Haines Junction,CA,2021-12-02 09:10:37,60.7522,-137.5108,8.71,97,100,2.73
117,New Norfolk,AU,2021-12-02 09:10:38,-42.7826,147.0587,61.92,87,99,1.01
118,Salinas,US,2021-12-02 09:10:39,36.6777,-121.6555,58.96,63,1,0.0
119,Dikson,RU,2021-12-02 09:10:39,73.5069,80.5464,-9.36,96,100,12.35
120,Rantepao,ID,2021-12-02 09:10:40,-2.9701,119.8978,74.17,90,99,1.83
121,Sal,JO,2021-12-02 09:10:40,32.5694,35.9119,59.61,55,12,11.16
122,Tautira,PF,2021-12-02 09:10:41,-17.7333,-149.15,80.62,78,100,19.3
123,Konstantinovka,RU,2021-12-02 09:10:42,49.6167,127.9833,1.09,93,100,5.3
124,Pyay,MM,2021-12-02 09:10:43,18.8167,95.2167,84.6,52,72,6.15
125,Geraldton,AU,2021-12-02 09:10:43,-28.7667,114.6,72.01,64,40,28.77
126,Kahului,US,2021-12-02 09:10:44,20.8947,-156.47,74.84,85,1,0.0
127,Bondo,CD,2021-12-02 09:10:44,3.8146,23.6866,88.95,49,64,2.91
128,San Cristobal,VE,2021-12-02 09:10:45,7.7669,-72.225,64.02,89,94,1.48
129,Poso,ID,2021-12-02 09:10:46,-1.3959,120.7524,82.74,75,95,1.28
130,Soyo,AO,2021-12-02 09:10:46,-6.1349,12.3689,81.99,75,87,3.04
131,Port Elizabeth,ZA,2021-12-02 09:09:01,-33.918,25.5701,68.09,68,99,17.02
132,Kochi,IN,2021-12-02 09:10:48,9.9399,76.2602,85.98,72,47,10.2
133,Te Anau,NZ,2021-12-02 09:10:48,-45.4167,167.7167,57.6,95,100,3.15
134,Kamloops,CA,2021-12-02 09:10:49,50.6665,-120.3192,50.58,58,100,5.01
135,Hohhot,CN,2021-12-02 09:10:49,40.8106,111.6522,29.07,37,2,4.43
136,Kaitangata,NZ,2021-12-02 09:10:50,-46.2817,169.8464,56.82,92,100,7.94
137,Palu,ID,2021-12-02 09:07:28,-0.8917,119.8707,84.49,76,87,1.92
138,Pochutla,MX,2021-12-02 09:11:52,15.7432,-96.4661,71.82,58,17,3.44
139,Aksarka,RU,2021-12-02 09:11:52,66.5606,67.7975,1.36,96,100,17.65
140,Namatanai,PG,2021-12-02 09:11:53,-3.6667,152.4333,81.59,77,97,4.63
141,Kichera,RU,2021-12-02 09:11:53,55.9375,110.0997,6.76,86,99,0.94
142,Mackay,AU,2021-12-02 09:11:54,-21.15,149.2,81.05,77,29,7.54
143,Rorvik,NO,2021-12-02 09:11:55,64.8621,11.2373,15.91,86,20,3.44
144,Cabedelo,BR,2021-12-02 09:11:56,-6.9811,-34.8339,79.47,74,99,7.49
145,Chuy,UY,2021-12-02 09:11:57,-33.6971,-53.4616,61.3,77,76,4.0
146,Doha,QA,2021-12-02 09:08:32,25.2867,51.5333,82.71,56,20,10.36
147,San Patricio,US,2021-12-02 09:11:58,28.017,-97.5169,67.84,94,82,4.85
148,Kedrovyy,RU,2021-12-02 09:11:58,56.1667,91.8167,34.21,82,100,6.11
149,Manoel Urbano,BR,2021-12-02 09:11:15,-8.8389,-69.2597,69.91,96,99,2.57
150,Kashima,JP,2021-12-02 09:11:59,33.1061,130.0906,47.91,67,100,0.38
151,Benidorm,ES,2021-12-02 09:12:00,38.5382,-0.131,56.41,49,100,7.09
152,Salinopolis,BR,2021-12-02 09:12:01,-0.6136,-47.3561,78.8,84,95,8.01
153,Atar,MR,2021-12-02 09:12:01,20.5169,-13.0499,71.19,15,100,11.83
154,Codrington,AU,2021-12-02 09:12:02,-38.2667,141.9667,56.82,70,32,16.93
155,Barentu,ER,2021-12-02 09:12:02,15.1139,37.5928,86.23,22,0,3.38
156,Luwuk,ID,2021-12-02 09:12:03,-0.9516,122.7875,81.21,82,100,1.57
157,Srednekolymsk,RU,2021-12-02 09:12:04,67.45,153.6833,-26.34,98,100,9.84
158,Saldanha,ZA,2021-12-02 09:12:05,-33.0117,17.9442,62.38,65,3,22.7
159,Cairns,AU,2021-12-02 09:12:05,-16.9167,145.7667,85.1,80,75,5.75
160,Poya,NC,2021-12-02 09:12:06,-21.35,165.15,80.38,78,66,5.32
161,Lubumbashi,CD,2021-12-02 09:12:07,-11.6609,27.4794,83.52,42,76,5.77
162,Corrales,US,2021-12-02 09:12:08,35.2378,-106.6067,52.0,36,62,4.0
163,Vallenar,CL,2021-12-02 09:12:08,-28.5708,-70.7581,61.65,59,93,2.48
164,Coihaique,CL,2021-12-02 09:10:02,-45.5752,-72.0662,39.81,81,0,1.14
165,Pimenta Bueno,BR,2021-12-02 09:12:09,-11.6725,-61.1936,72.1,98,100,2.66
166,Samarai,PG,2021-12-02 09:12:10,-10.6167,150.6667,83.7,80,98,7.09
167,Thai Binh,VN,2021-12-02 09:12:11,20.45,106.3333,71.6,31,97,7.47
168,Forecariah,GN,2021-12-02 09:12:12,9.4306,-13.0881,82.58,71,100,0.92
169,High Level,CA,2021-12-02 09:12:12,58.5169,-117.136,-0.42,98,100,2.55
170,Pacific Grove,US,2021-12-02 09:08:31,36.6177,-121.9166,58.55,59,1,5.75
171,Biak,ID,2021-12-02 09:12:13,-0.9131,122.8766,80.02,78,100,2.13
172,Lityn,UA,2021-12-02 09:10:15,49.3251,28.0809,39.52,70,93,14.18
173,Ahlat,TR,2021-12-02 09:12:14,38.7518,42.4814,36.66,44,3,11.79
174,Bethel,US,2021-12-02 09:12:15,41.3712,-73.414,46.98,87,90,1.99
175,Leningradskiy,RU,2021-12-02 09:12:16,69.3833,178.4167,-11.33,94,100,4.85
176,Udachnyy,RU,2021-12-02 09:12:17,66.4167,112.4,-28.55,81,96,3.96
177,Fortuna,US,2021-12-02 09:12:18,40.5982,-124.1573,51.66,75,90,0.0
178,Tahe,CN,2021-12-02 09:12:19,52.3333,124.7333,8.26,70,53,11.43
179,Batemans Bay,AU,2021-12-02 09:12:19,-35.7167,150.1833,70.11,90,4,6.42
180,Huilong,CN,2021-12-02 09:13:20,31.8111,121.655,49.03,33,0,8.81
181,Camana,PE,2021-12-02 09:13:21,-16.6228,-72.7111,65.59,83,96,7.63
182,Chapais,CA,2021-12-02 09:13:21,49.7834,-74.8492,17.38,94,100,13.44
183,Domoni,KM,2021-12-02 09:13:22,-12.2569,44.5319,84.38,66,23,1.72
184,Ostrovnoy,RU,2021-12-02 09:13:22,68.0531,39.5131,28.89,62,100,31.36
185,Qaanaaq,GL,2021-12-02 09:13:23,77.484,-69.3632,3.94,68,76,8.81
186,Sadska,CZ,2021-12-02 09:13:24,50.136,14.9863,44.83,72,59,11.16
187,Sovetskiy,RU,2021-12-02 09:13:24,61.3614,63.5842,16.65,95,100,5.59
188,Thompson,CA,2021-12-02 09:13:25,55.7435,-97.8558,-14.64,94,76,4.65
189,Dingle,PH,2021-12-02 09:13:25,10.9995,122.6711,77.45,90,95,9.13
190,Harlingen,US,2021-12-02 09:10:10,26.1906,-97.6961,69.89,99,1,0.0
191,Pevek,RU,2021-12-02 09:13:26,69.7008,170.3133,-19.98,98,43,4.99
192,Nantucket,US,2021-12-02 09:13:05,41.2835,-70.0995,48.34,81,90,6.91
193,Hay River,CA,2021-12-02 09:13:28,60.8156,-115.7999,-1.26,98,96,1.9
194,San Ramon De La Nueva Oran,AR,2021-12-02 09:13:28,-23.1322,-64.326,78.42,52,96,0.54
195,Pisco,PE,2021-12-02 09:13:29,-13.7,-76.2167,63.01,82,0,6.91
196,Chirilagua,SV,2021-12-02 09:13:29,13.2203,-88.1386,67.82,72,22,4.07
197,Sohag,EG,2021-12-02 09:13:30,26.557,31.6948,69.44,37,100,16.8
198,Kirakira,SB,2021-12-02 09:13:31,-10.4544,161.9205,80.71,81,59,3.53
199,Klyuchi,RU,2021-12-02 09:13:31,52.2667,79.1667,29.7,76,2,12.1
200,Rongcheng,CN,2021-12-02 09:13:32,30.634,117.8517,49.33,40,0,5.01
201,Tasiilaq,GL,2021-12-02 09:13:33,65.6145,-37.6368,28.56,95,99,5.1
202,Whyalla,AU,2021-12-02 09:13:33,-33.0333,137.5833,64.29,72,24,20.71
203,Cockburn Town,TC,2021-12-02 09:13:34,21.4612,-71.1419,80.2,75,1,14.16
204,Lom Sak,TH,2021-12-02 09:13:34,16.7798,101.2422,79.16,55,100,6.62
205,Kansanshi,ZM,2021-12-02 09:13:35,-12.0951,26.4273,83.01,39,85,6.76
206,Dillon,US,2021-12-02 09:13:36,34.4166,-79.3712,51.26,59,47,6.38
207,Bilibino,RU,2021-12-02 09:13:36,68.0546,166.4372,-30.66,97,33,7.4
208,Sann,PK,2021-12-02 09:13:37,26.0418,68.1378,84.31,12,0,11.45
209,Sale,MA,2021-12-02 09:13:38,34.0389,-6.8166,54.28,100,90,3.44
210,Faanui,PF,2021-12-02 09:13:38,-16.4833,-151.75,80.73,72,100,18.07
211,Pangody,RU,2021-12-02 09:13:39,65.85,74.4859,8.4,95,100,18.72
212,Ahipara,NZ,2021-12-02 09:13:39,-35.1667,173.1667,62.6,88,98,5.44
213,Adeje,ES,2021-12-02 09:13:40,28.1227,-16.726,68.31,57,20,1.99
214,Andros Town,BS,2021-12-02 09:10:12,24.7,-77.7667,74.35,65,5,3.42
215,Fernandopolis,BR,2021-12-02 09:13:41,-20.2839,-50.2464,69.85,78,3,2.08
216,Clyde River,CA,2021-12-02 09:13:42,70.4692,-68.5914,8.83,78,100,18.41
217,Arraial Do Cabo,BR,2021-12-02 09:13:42,-22.9661,-42.0278,73.26,94,40,4.61
218,Port Shepstone,ZA,2021-12-02 09:13:43,-30.7414,30.455,76.08,76,100,10.36
219,Gamba,GA,2021-12-02 09:13:43,-2.65,10.0,83.43,67,92,3.06
220,Puerto Escondido,MX,2021-12-02 09:12:19,15.85,-97.0667,76.51,69,1,4.85
221,Touho,NC,2021-12-02 09:13:44,-20.7833,165.2333,78.67,82,92,11.97
222,Atambua,ID,2021-12-02 09:13:45,-9.1061,124.8925,81.75,74,70,3.24
223,Acapulco,MX,2021-12-02 09:13:46,16.8634,-99.8901,76.03,83,0,3.49
224,Touros,BR,2021-12-02 09:13:46,-5.1989,-35.4608,79.7,72,100,10.07
225,Sao Filipe,CV,2021-12-02 09:13:47,14.8961,-24.4956,74.37,67,100,12.46
226,Narsaq,GL,2021-12-02 09:13:47,60.9167,-46.05,26.31,97,100,5.61
227,Upata,VE,2021-12-02 09:13:48,8.0086,-62.3989,70.92,93,100,3.69
228,Baghmara,IN,2021-12-02 09:13:49,23.795,86.2085,80.87,32,3,3.13
229,Sao Joao Da Barra,BR,2021-12-02 09:13:49,-21.6403,-41.0511,71.87,94,12,9.78
230,Airai,TL,2021-12-02 09:14:50,-8.9266,125.4092,67.62,83,76,1.66
231,Beloha,MG,2021-12-02 09:14:51,-25.1667,45.05,100.36,25,0,4.41
232,Alofi,NU,2021-12-02 09:14:51,-19.0595,-169.9187,78.37,81,48,11.97
233,Novikovo,RU,2021-12-02 09:14:52,51.1537,37.8879,30.97,62,51,12.44
234,Muroto,JP,2021-12-02 09:14:52,33.2833,134.15,51.51,63,3,10.49
235,Mayumba,GA,2021-12-02 09:14:53,-3.432,10.6554,79.97,82,97,5.84
236,Datong,CN,2021-12-02 09:14:54,40.0936,113.2914,30.42,42,6,9.26
237,San Quintin,MX,2021-12-02 09:14:54,30.4833,-115.95,59.18,83,0,4.16
238,Surazh,RU,2021-12-02 09:14:55,53.0175,32.3918,29.08,96,100,18.97
239,Ancud,CL,2021-12-02 09:14:57,-41.8697,-73.8203,38.73,77,43,5.32
240,Thunder Bay,CA,2021-12-02 09:14:11,48.4001,-89.3168,37.56,84,90,11.5
241,Krasnoselkup,RU,2021-12-02 09:14:58,65.7,82.4667,7.34,95,100,18.41
242,Coruripe,BR,2021-12-02 09:14:59,-10.1256,-36.1756,76.78,83,100,7.56
243,Ribeira Grande,PT,2021-12-02 09:14:59,38.5167,-28.7,57.6,88,20,8.05
244,George Town,MY,2021-12-02 09:11:29,5.4112,100.3354,81.9,81,40,3.44
245,Arrifes,PT,2021-12-02 09:15:01,37.7667,-25.7,60.24,88,75,5.75
246,Havre-Saint-Pierre,CA,2021-12-02 09:15:01,50.2334,-63.5986,30.2,93,20,10.36
247,Tura,IN,2021-12-02 09:15:02,25.5198,90.2201,77.09,45,8,3.58
248,Baiyin,CN,2021-12-02 09:15:03,36.5583,104.2081,35.64,35,82,4.59
249,Longyearbyen,SJ,2021-12-02 09:15:03,78.2186,15.6401,21.04,86,90,2.3
250,Husavik,IS,2021-12-02 09:15:04,66.0449,-17.3389,39.11,84,100,19.93
251,Bredasdorp,ZA,2021-12-02 09:15:04,-34.5322,20.0403,57.27,60,71,13.87
252,Kodiak,US,2021-12-02 09:15:05,57.79,-152.4072,18.91,58,40,39.12
253,Lerwick,GB,2021-12-02 09:15:06,60.1545,-1.1494,35.6,64,88,19.19
254,Pedro Ii,BR,2021-12-02 09:15:06,-4.4247,-41.4586,71.2,73,100,2.42
255,Xingyi,CN,2021-12-02 09:15:07,24.1877,102.817,50.67,81,100,3.78
256,Esperance,AU,2021-12-02 09:15:08,-33.8667,121.9,64.38,65,29,18.37
257,Sorland,NO,2021-12-02 09:15:08,67.667,12.6934,35.46,52,100,29.73
258,Miandrivazo,MG,2021-12-02 09:15:09,-19.5167,45.4667,96.28,31,7,3.27
259,Tarbagatay,RU,2021-12-02 09:15:10,51.4803,107.3602,29.73,84,98,7.61
260,Hamilton,US,2021-12-02 09:15:10,39.1834,-84.5333,53.11,91,90,3.0
261,Gizo,SB,2021-12-02 09:15:11,-8.103,156.8419,84.22,71,58,1.7
262,Beaverlodge,CA,2021-12-02 09:15:11,55.2166,-119.4361,27.75,57,83,21.59
263,Saint-Paul,RE,2021-12-02 09:15:12,-21.0096,55.2707,86.09,68,14,4.38
264,Tieling,CN,2021-12-02 09:15:13,42.2931,123.8414,30.25,60,65,8.9
265,Kirkland Lake,CA,2021-12-02 09:15:13,48.1446,-80.0377,32.29,100,100,12.71
266,Amalapuram,IN,2021-12-02 09:15:14,16.5833,82.0167,89.98,42,56,6.2
267,Goderich,CA,2021-12-02 09:14:10,43.7501,-81.7165,44.91,94,100,28.83
268,Bambous Virieux,MU,2021-12-02 09:15:15,-20.3428,57.7575,86.25,66,75,12.66
269,Wattegama,LK,2021-12-02 09:15:15,6.7989,81.4808,89.51,46,91,2.19
270,Bachaquero,VE,2021-12-02 09:15:16,9.9694,-71.1494,77.86,80,96,5.79
271,Cidreira,BR,2021-12-02 09:15:17,-30.1811,-50.2056,66.38,66,98,5.19
272,Beringovskiy,RU,2021-12-02 09:15:18,63.05,179.3167,-1.32,89,100,4.52
273,Vila Velha,BR,2021-12-02 09:15:19,-20.3297,-40.2925,75.15,94,40,6.91
274,Rocha,UY,2021-12-02 09:15:19,-34.4833,-54.3333,54.12,91,13,1.7
275,Portland,US,2021-12-02 09:15:00,45.5234,-122.6762,54.23,93,90,1.01
276,Carahue,CL,2021-12-02 09:15:20,-38.7,-73.1667,48.4,97,99,0.76
277,Sembakung,ID,2021-12-02 09:16:22,3.8167,117.25,85.46,73,78,3.06
278,Southbridge,US,2021-12-02 09:16:22,42.0751,-72.0334,40.35,76,100,6.53
279,Beni,CD,2021-12-02 09:16:23,0.5,29.4667,84.15,43,9,1.99
280,Sioux Lookout,CA,2021-12-02 09:16:23,50.1001,-91.917,25.18,93,90,9.22
281,Vestmanna,FO,2021-12-02 09:16:24,62.1564,-7.1664,29.32,74,90,0.0
282,Kenai,US,2021-12-02 09:16:25,60.5544,-151.2583,17.69,80,90,3.44
283,Selma,US,2021-12-02 09:16:26,36.5708,-119.6121,48.25,45,0,2.51
284,Rakiv Lis,UA,2021-12-02 09:16:27,51.6217,24.9243,44.13,83,100,16.55
285,Margate,GB,2021-12-02 09:16:28,51.3813,1.3862,38.03,69,49,5.99
286,Saint Anthony,US,2021-12-02 09:15:03,45.0205,-93.218,48.25,60,1,4.0
287,El Tigre,VE,2021-12-02 09:16:29,8.8875,-64.2454,71.58,93,98,9.89
288,Erzin,TR,2021-12-02 09:16:29,36.9559,36.2,61.32,34,0,5.75
289,Turangi,NZ,2021-12-02 09:16:30,-39.0,175.9333,58.39,82,100,2.77
290,Coahuayana,MX,2021-12-02 09:16:30,18.7333,-103.6833,72.46,85,0,3.83
291,La Baneza,ES,2021-12-02 09:16:31,42.3003,-5.8977,39.69,75,8,11.7
292,Cabo San Lucas,MX,2021-12-02 09:16:32,22.8909,-109.9124,76.51,70,22,9.57
293,Antofagasta,CL,2021-12-02 09:16:32,-23.65,-70.4,63.68,82,51,4.9
294,Guiratinga,BR,2021-12-02 09:16:33,-16.3494,-53.7583,70.61,92,100,0.54
295,Saint-Georges,GD,2021-12-02 09:16:34,12.0564,-61.7485,80.28,78,20,10.36
296,Kholtoson,RU,2021-12-02 09:16:34,50.2981,103.3097,14.49,88,48,3.51
297,Santiago De Cuba,CU,2021-12-02 09:16:35,20.0247,-75.8219,73.51,88,20,4.61
298,Santa Maria,BR,2021-12-02 09:16:35,-29.6842,-53.8069,57.24,90,1,5.99
299,Westport,US,2021-12-02 09:16:26,41.1415,-73.3579,50.81,87,90,1.01
300,Mehamn,NO,2021-12-02 09:16:36,71.0357,27.8492,33.98,69,100,20.54
301,Isangel,VU,2021-12-02 09:16:37,-19.55,169.2667,78.15,79,100,9.84
302,Sisimiut,GL,2021-12-02 09:16:38,66.9395,-53.6735,26.04,96,100,17.92
303,Vanimo,PG,2021-12-02 09:16:39,-2.6741,141.3028,80.15,82,100,3.69
304,Kriva Palanka,MK,2021-12-02 09:16:40,42.2019,22.3319,28.8,78,31,3.87
305,Sazonovo,RU,2021-12-02 09:16:40,59.0919,35.2268,16.41,95,92,5.23
306,Songjianghe,CN,2021-12-02 09:16:14,42.1859,127.479,24.8,86,100,11.99
307,San Lorenzo,PY,2021-12-02 09:16:41,-25.3333,-57.5333,65.59,77,0,5.99
308,Guarapari,BR,2021-12-02 09:16:42,-20.6667,-40.4975,75.09,94,7,10.47
309,Luanda,AO,2021-12-02 09:16:42,-8.8368,13.2343,80.6,83,75,4.61
310,Yaan,NG,2021-12-02 09:16:43,7.3833,8.5667,86.23,55,56,5.41
311,Biloela,AU,2021-12-02 09:16:44,-24.4167,150.5,81.54,64,90,8.01
312,Parian Dakula,PH,2021-12-02 09:16:45,5.5567,120.7719,83.23,70,99,8.55
313,Fairbanks,US,2021-12-02 09:15:25,64.8378,-147.7164,-3.69,78,90,0.0
314,Anadyr,RU,2021-12-02 09:16:46,64.75,177.4833,0.1,85,75,4.47
315,Ransang,PH,2021-12-02 09:16:46,8.9603,117.5828,81.5,82,100,4.29
316,Lindi,TZ,2021-12-02 09:16:47,-10.0,39.7167,90.9,45,6,10.63
317,Antalaha,MG,2021-12-02 09:16:48,-14.9003,50.2788,84.34,58,9,13.47
318,Qasigiannguit,GL,2021-12-02 09:16:49,68.8193,-51.1922,15.87,72,37,6.22
319,Edd,ER,2021-12-02 09:17:50,13.9297,41.6925,89.33,39,0,15.55
320,Pozo Colorado,PY,2021-12-02 09:17:51,-23.4923,-58.7972,68.09,56,57,4.61
321,Kamenka,RU,2021-12-02 09:17:51,51.3223,42.7678,30.74,60,70,13.02
322,Dolores,AR,2021-12-02 09:17:52,-36.3132,-57.6792,53.87,89,4,4.68
323,Stabat,ID,2021-12-02 09:17:53,3.761,98.4513,84.4,76,68,4.32
324,La Tijera,MX,2021-12-02 09:17:53,19.9,-104.4,56.43,74,0,2.98
325,Grand Gaube,MU,2021-12-02 09:17:54,-20.0064,57.6608,86.4,60,5,11.01
326,Port Hardy,CA,2021-12-02 09:15:27,50.6996,-127.4199,42.8,93,90,5.75
327,Katsuura,JP,2021-12-02 09:17:55,35.1333,140.3,54.1,52,6,11.12
328,Port-Cartier,CA,2021-12-02 09:17:57,50.0334,-66.8654,10.51,72,23,7.99
329,Wasilla,US,2021-12-02 09:17:57,61.5814,-149.4394,15.3,88,90,3.44
330,Avera,US,2021-12-02 09:17:58,33.194,-82.5271,53.71,55,0,7.29
331,Gold Coast,AU,2021-12-02 09:15:09,-28.0,153.4333,77.27,79,1,5.99
332,Lebanon,US,2021-12-02 09:17:59,36.2081,-86.2911,54.97,79,40,6.91
333,Asau,RO,2021-12-02 09:18:00,46.4333,26.4,46.96,52,100,7.72
334,Kisangani,CD,2021-12-02 09:18:00,0.5167,25.2,78.55,76,99,3.56
335,Kloulklubed,PW,2021-12-02 09:18:01,7.0419,134.2556,84.7,80,69,20.0
336,Poronaysk,RU,2021-12-02 09:18:01,49.2167,143.1167,20.71,67,15,16.62
337,Tromso,NO,2021-12-02 09:18:02,69.6496,18.957,30.22,69,40,8.05
338,Coquimbo,CL,2021-12-02 09:13:16,-29.9533,-71.3436,55.13,87,0,1.14
339,Aklavik,CA,2021-12-02 09:18:03,68.2191,-135.0107,-13.97,94,100,18.28
340,Port Macquarie,AU,2021-12-02 09:17:47,-31.4333,152.9167,68.9,89,30,6.35
341,Quime,BO,2021-12-02 09:18:04,-16.9833,-67.2167,53.06,87,100,1.39
342,Sechura,PE,2021-12-02 09:18:05,-5.5569,-80.8222,64.35,86,94,7.92
343,Buala,SB,2021-12-02 09:18:06,-8.145,159.5921,81.03,80,95,1.03
344,Muros,ES,2021-12-02 09:18:06,42.7762,-9.0603,52.84,94,12,13.82
345,Saint-Augustin,CA,2021-12-02 09:18:07,51.226,-58.6502,23.99,93,98,2.66
346,La Ronge,CA,2021-12-02 09:18:07,55.1001,-105.2842,-3.75,84,1,1.14
347,Tetiyiv,UA,2021-12-02 09:18:08,49.3767,29.6647,42.01,72,93,13.89
348,Itoman,JP,2021-12-02 09:18:09,26.1247,127.6694,61.57,92,75,11.5
349,Nizhniy Ingash,RU,2021-12-02 09:18:09,56.2,96.53,28.58,82,100,9.78
350,Berlevag,NO,2021-12-02 09:18:10,70.8578,29.0864,28.35,86,75,23.02
351,Sukumo,JP,2021-12-02 09:18:11,32.9333,132.7333,43.2,76,2,5.01
352,Poum,NC,2021-12-02 09:18:11,-20.2333,164.0167,80.92,79,20,17.98
353,Salvador,SV,2021-12-02 09:18:12,13.8333,-88.9167,70.2,92,74,4.05
354,Plettenberg Bay,ZA,2021-12-02 09:18:13,-34.0527,23.3716,60.15,85,100,10.25
355,Lucapa,AO,2021-12-02 09:18:13,-8.4192,20.7447,69.66,90,100,2.8
356,Yerbogachen,RU,2021-12-02 09:18:14,61.2767,108.0108,-22.2,99,27,1.99
357,Omboue,GA,2021-12-02 09:18:14,-1.5746,9.2618,83.8,68,95,3.67
358,Daru,PG,2021-12-02 09:18:15,-9.0763,143.2092,82.45,80,74,8.28
359,Quatre Cocos,MU,2021-12-02 09:18:16,-20.2078,57.7625,86.11,69,17,14.99
360,Semporna,MY,2021-12-02 09:18:16,4.4818,118.6112,84.4,74,90,3.65
361,Jacareacanga,BR,2021-12-02 09:18:17,-6.2222,-57.7528,71.33,99,100,1.16
362,Olafsvik,IS,2021-12-02 09:18:18,64.8945,-23.7142,40.57,76,100,20.76
363,Nogliki,RU,2021-12-02 09:18:18,51.8333,143.1667,13.08,70,91,28.12
364,Kalabo,ZM,2021-12-02 09:18:19,-14.97,22.6814,91.78,30,99,5.91
365,Tazovskiy,RU,2021-12-02 09:19:20,67.4667,78.7,-2.79,96,100,19.62
366,Upi,PH,2021-12-02 09:19:21,7.0258,124.1667,75.83,84,99,2.86
367,Celestun,MX,2021-12-02 09:19:21,20.8667,-90.4,71.71,82,2,10.04
368,Ocos,GT,2021-12-02 09:19:22,14.5094,-92.1933,78.31,75,23,4.14
369,Faya,SA,2021-12-02 09:19:22,18.3851,42.4509,70.32,24,0,4.27
370,San Policarpo,PH,2021-12-02 09:19:23,12.1791,125.5072,79.54,84,100,15.39
371,Hasaki,JP,2021-12-02 09:19:24,35.7333,140.8333,43.09,41,0,11.56
372,Petauke,ZM,2021-12-02 09:19:24,-14.2426,31.3253,92.44,26,1,7.61
373,Yulara,AU,2021-12-02 09:19:25,-25.2406,130.9889,100.24,8,53,10.36
374,Brezice,SI,2021-12-02 09:19:25,45.9033,15.5911,51.55,98,75,4.61
375,Hudson Bay,CA,2021-12-02 09:19:26,52.85,-102.3842,6.13,97,64,2.55
376,Tateyama,JP,2021-12-02 09:19:27,34.9833,139.8667,54.01,59,60,16.31
377,Lompoc,US,2021-12-02 09:19:27,34.6391,-120.4579,50.14,100,90,0.0
378,Praya,CV,2021-12-02 09:19:28,14.9215,-23.5087,73.94,73,90,20.71
379,Vung Tau,VN,2021-12-02 09:19:28,10.346,107.0843,79.48,70,99,7.47
380,Vanderbijlpark,ZA,2021-12-02 09:19:29,-26.7117,27.838,60.78,93,100,4.94
381,Tabalosos,PE,2021-12-02 09:19:30,-6.35,-76.6833,64.09,94,100,2.68
382,Yumen,CN,2021-12-02 09:18:31,40.2833,97.2,35.42,24,8,6.24
383,Marsh Harbour,BS,2021-12-02 09:19:31,26.5412,-77.0636,75.29,68,5,12.37
384,Ulaangom,MN,2021-12-02 09:19:32,49.9811,92.0667,11.84,89,67,1.1
385,Mareeba,AU,2021-12-02 09:19:32,-17.0,145.4333,80.44,82,60,5.46
386,Najran,SA,2021-12-02 09:19:33,17.4924,44.1277,74.05,12,0,3.0
387,Harper,LR,2021-12-02 09:19:34,4.375,-7.7169,82.81,73,100,8.61
388,Tairua,NZ,2021-12-02 09:19:34,-37.0167,175.85,65.08,90,98,4.68
389,Guerrero Negro,MX,2021-12-02 09:17:56,27.9769,-114.0611,62.44,87,29,7.58
390,Naryan-Mar,RU,2021-12-02 09:19:35,67.6713,53.087,8.31,94,100,14.47
391,Kajaani,FI,2021-12-02 09:19:36,64.2273,27.7285,6.85,92,40,1.14
392,Gunzenhausen,DE,2021-12-02 09:19:36,49.1,10.75,40.05,94,96,10.45
393,Shatsk,RU,2021-12-02 09:19:37,54.0258,41.7119,25.86,58,36,13.69
394,Aripuana,BR,2021-12-02 09:19:38,-9.1667,-60.6333,72.01,96,99,1.34
395,Baijiantan,CN,2021-12-02 09:19:38,45.6333,85.1833,32.45,39,33,5.21
396,Santa Rosa,PH,2021-12-02 09:19:39,14.3122,121.1114,83.1,65,27,13.49
397,Erenhot,CN,2021-12-02 09:19:39,43.6475,111.9767,26.87,49,27,15.46
398,Hudiksvall,SE,2021-12-02 09:19:40,61.729,17.1036,16.36,79,43,6.87
399,Guanica,PR,2021-12-02 09:19:41,17.9716,-66.908,78.19,86,100,4.0
400,Svetlaya,RU,2021-12-02 09:19:41,46.5389,138.3297,17.17,67,90,10.02
401,Castro,BR,2021-12-02 09:19:42,-24.7911,-50.0119,62.64,85,97,7.76
402,Vestmannaeyjar,IS,2021-12-02 09:19:42,63.4427,-20.2734,38.39,100,90,17.27
403,Ayagoz,KZ,2021-12-02 09:19:43,47.9714,80.4392,21.67,77,0,3.94
404,Bayir,TR,2021-12-02 09:19:44,37.2687,28.2167,50.52,38,0,6.6
405,Tokur,RU,2021-12-02 09:19:44,53.1333,132.9,-19.91,100,41,1.3
406,Makakilo City,US,2021-12-02 09:19:45,21.3469,-158.0858,73.72,81,1,4.61
407,Nioro,GM,2021-12-02 09:19:45,13.35,-15.75,79.74,19,96,8.81
408,Krasnogorodsk,RU,2021-12-02 09:19:46,56.8357,28.2822,27.05,95,100,10.22
409,Sabzevar,IR,2021-12-02 09:19:47,36.2126,57.6819,61.88,29,90,0.0
410,Saint-Francois,FR,2021-12-02 09:19:47,46.4154,3.9054,41.47,92,90,8.05
411,Tilichiki,RU,2021-12-02 09:19:48,60.4667,166.1,32.97,98,100,25.75
412,Evensk,RU,2021-12-02 09:19:48,61.95,159.2333,9.34,90,100,40.98
413,Bac Lieu,VN,2021-12-02 09:17:00,9.285,105.7244,82.04,70,4,9.8
414,Cosala,MX,2021-12-02 09:19:49,24.4125,-106.6908,66.6,56,80,3.91
415,Malgrat De Mar,ES,2021-12-02 09:20:50,41.6466,2.7414,54.03,92,92,1.99
416,Banda Aceh,ID,2021-12-02 09:20:51,5.5577,95.3222,82.69,75,94,2.01
417,Witu,KE,2021-12-02 09:20:51,-2.3889,40.4382,87.96,53,52,8.14
418,Waipawa,NZ,2021-12-02 09:20:52,-41.4122,175.5153,64.02,92,85,7.38
419,Palmer,US,2021-12-02 09:20:52,42.1584,-72.3287,40.64,82,90,0.0
420,Kaohsiung,TW,2021-12-02 09:17:59,22.6163,120.3133,71.55,66,40,5.99
421,College,US,2021-12-02 09:20:54,64.8569,-147.8028,-2.54,78,90,3.44
422,Padang,ID,2021-12-02 09:20:00,-0.9492,100.3543,84.24,65,85,5.01
423,Maumere,ID,2021-12-02 09:20:55,-8.6199,122.2111,81.91,78,83,2.86
424,Ambilobe,MG,2021-12-02 09:20:56,-13.2,49.05,96.17,31,14,8.37
425,Guangzhou,CN,2021-12-02 09:19:53,23.1167,113.25,71.01,19,4,11.3
426,Pangai,TO,2021-12-02 09:20:57,-19.8,-174.35,78.69,77,21,23.26
427,Port Augusta,AU,2021-12-02 09:20:57,-32.5,137.7667,73.71,58,0,25.37
428,Carutapera,BR,2021-12-02 09:20:58,-1.195,-46.02,78.49,84,100,5.23
429,Half Moon Bay,US,2021-12-02 09:20:58,37.4636,-122.4286,64.76,69,1,4.61
430,Petatlan,MX,2021-12-02 09:20:59,17.5167,-101.2667,73.35,89,3,3.67
431,Poopo,BO,2021-12-02 09:21:00,-18.3667,-66.9667,48.97,63,100,2.75
432,Dhidhdhoo,MV,2021-12-02 09:21:01,6.8833,73.1,82.2,76,75,7.38
433,Rio Muerto,MX,2021-12-02 09:20:42,27.4167,-110.2333,70.05,49,98,6.24
434,Hami,CN,2021-12-02 09:21:02,42.8,93.45,30.22,53,0,3.87
435,Nianzishan,CN,2021-12-02 09:21:03,47.5167,122.8833,19.56,75,100,8.84
436,Fort Wellington,GY,2021-12-02 09:21:04,6.4,-57.6,75.96,90,74,7.61
437,Lavrentiya,RU,2021-12-02 09:21:04,65.5833,-171.0,-11.02,84,0,4.81
438,Los Llanos De Aridane,ES,2021-12-02 09:21:05,28.6585,-17.9182,64.15,73,75,1.99
439,Saint George,US,2021-12-02 09:16:26,37.1041,-113.5841,58.35,33,1,0.0
440,Vieques,PR,2021-12-02 09:21:06,18.425,-65.8329,79.0,83,75,4.61
441,Liverpool,GB,2021-12-02 09:21:07,53.4106,-2.9779,40.68,71,0,5.99
442,Miranda,CO,2021-12-02 09:21:07,3.2499,-76.2281,66.33,93,66,4.0
443,Baturaja,ID,2021-12-02 09:21:08,-4.1333,104.1667,87.21,64,94,1.88
444,Casper,US,2021-12-02 09:21:09,42.8666,-106.3131,53.51,53,1,23.02
445,Souillac,MU,2021-12-02 09:21:10,-20.5167,57.5167,86.38,66,75,12.66
446,Grand-Santi,GF,2021-12-02 09:21:10,4.25,-54.3833,73.27,100,100,1.14
447,Axim,GH,2021-12-02 09:21:11,4.8699,-2.2405,82.87,75,81,5.19
448,Hede,CN,2021-12-02 09:21:11,33.7681,120.2517,45.3,35,0,7.31
449,Eyemouth,GB,2021-12-02 09:21:12,55.8713,-2.0901,35.64,65,81,23.2
450,Sao Jose Da Coroa Grande,BR,2021-12-02 09:21:13,-8.8978,-35.1478,79.39,78,81,8.59
451,Marfino,RU,2021-12-02 09:21:13,55.7028,37.3822,25.09,78,75,8.95
452,Mombetsu,JP,2021-12-02 09:21:14,44.3525,143.3525,32.86,68,41,21.5
453,Oussouye,SN,2021-12-02 09:21:14,12.485,-16.5469,75.29,26,88,9.8
454,San Buenaventura,MX,2021-12-02 09:21:15,27.0833,-101.5333,65.48,63,100,1.36
455,Varkkallai,IN,2021-12-02 09:21:16,8.7341,76.7067,85.78,71,64,9.64
456,Sangar,RU,2021-12-02 09:21:17,63.9242,127.4739,-31.34,96,67,7.99
457,Lisakovsk,KZ,2021-12-02 09:21:18,52.5369,62.4936,35.35,100,99,12.82
458,Winston-Salem,US,2021-12-02 09:21:18,36.0999,-80.2442,50.9,73,1,0.0
459,Barabai,ID,2021-12-02 09:22:19,-2.5833,115.3833,84.02,76,93,2.21
460,Bhinga,IN,2021-12-02 09:22:19,27.7167,81.9333,74.89,44,100,6.64
461,Praia Da Vitoria,PT,2021-12-02 09:22:20,38.7333,-27.0667,61.05,100,75,5.75
462,Camacha,PT,2021-12-02 09:22:21,33.0833,-16.3333,62.02,72,40,16.11
463,Abu Samrah,SY,2021-12-02 09:22:21,35.3029,37.1841,58.03,41,0,5.73
464,Barcelos,PT,2021-12-02 09:22:22,41.5388,-8.6151,48.34,82,4,6.33
465,Sao Gabriel Da Cachoeira,BR,2021-12-02 09:22:22,-0.1303,-67.0892,71.98,100,100,1.39
466,Yanaul,RU,2021-12-02 09:22:23,56.2719,54.9309,25.75,90,67,12.39
467,Shaoguan,CN,2021-12-02 09:22:24,24.8,113.5833,61.34,41,1,1.05
468,Malayal,PH,2021-12-02 09:22:24,7.208,121.942,81.77,81,100,4.79
469,Batagay,RU,2021-12-02 09:22:25,67.6333,134.6333,-47.27,100,90,1.23
470,Flin Flon,CA,2021-12-02 09:22:26,54.7682,-101.865,2.19,97,95,2.39
471,Roquebrune-Cap-Martin,FR,2021-12-02 09:22:26,43.7641,7.4821,54.72,83,91,3.44
472,Talnakh,RU,2021-12-02 09:22:27,69.4865,88.3972,-19.37,96,86,6.4
473,Mohelnice,CZ,2021-12-02 09:22:28,49.777,16.9195,44.67,81,100,8.72
474,Marigot,MF,2021-12-02 09:22:28,18.0667,-63.0833,81.05,74,40,13.8
475,Nuuk,GL,2021-12-02 09:22:29,64.1835,-51.7216,29.01,93,100,20.71
476,Uenohara,JP,2021-12-02 09:22:29,35.6167,139.1167,57.0,75,41,4.52
477,Bathsheba,BB,2021-12-02 09:22:31,13.2167,-59.5167,79.41,78,20,16.11
478,Saravan,AM,2021-12-02 09:22:31,39.7196,45.6483,38.05,73,89,4.41
479,Necochea,AR,2021-12-02 09:22:32,-38.5473,-58.7368,56.03,86,48,9.8
480,Ixtapa,MX,2021-12-02 09:22:32,20.7,-105.2,72.23,89,34,1.01
481,Gladstone,AU,2021-12-02 09:19:12,-23.85,151.25,78.78,78,12,6.91
482,Neiafu,TO,2021-12-02 09:22:33,-18.65,-173.9833,78.69,80,21,17.2
483,Yagoua,CM,2021-12-02 09:22:34,10.3411,15.2329,88.0,16,80,9.98
484,Nauen,DE,2021-12-02 09:22:35,52.607,12.8737,40.17,71,34,16.75
485,Batagay-Alyta,RU,2021-12-02 09:22:37,67.8006,130.4114,-37.79,96,28,4.9
486,Sehithwa,BW,2021-12-02 09:22:37,-20.4667,22.7167,95.31,20,30,13.98
487,Shenjiamen,CN,2021-12-02 09:22:38,29.9576,122.298,48.88,52,0,12.01
488,Strzelin,PL,2021-12-02 09:22:39,50.7816,17.0648,41.56,64,34,17.11
489,Kristiansund,NO,2021-12-02 09:22:39,63.1115,7.732,32.65,74,75,8.05
490,Pop,UZ,2021-12-02 09:22:40,40.8736,71.1089,55.89,20,67,3.69
491,Muli,MV,2021-12-02 09:21:15,2.9167,73.5667,82.62,75,10,10.07
492,Fort Nelson,CA,2021-12-02 09:22:41,58.8053,-122.7002,-4.41,77,90,0.0
493,Aswan,EG,2021-12-02 09:17:50,24.0934,32.907,74.7,31,6,14.65
494,Znamenskoye,RU,2021-12-02 09:22:42,57.1281,73.8282,32.68,76,100,13.49
495,Vernon,CA,2021-12-02 09:17:44,50.2581,-119.2691,57.81,43,100,11.5
496,Quthing,LS,2021-12-02 09:22:43,-30.4,27.7003,74.61,48,81,18.25
497,Kenora,CA,2021-12-02 09:22:44,49.8167,-94.4337,28.78,93,90,12.66
498,Bow Island,CA,2021-12-02 09:22:44,49.8668,-111.3684,34.86,89,100,0.0
499,Bontang,ID,2021-12-02 09:22:45,0.1333,117.5,82.92,81,77,5.37
500,Ginir,ET,2021-12-02 09:22:45,7.1333,40.7,72.37,27,10,8.05
501,Jawhar,SO,2021-12-02 09:22:46,2.7809,45.5005,89.8,38,49,13.24
502,Tongliao,CN,2021-12-02 09:22:47,43.6125,122.2653,24.44,62,2,15.88
503,Beyneu,KZ,2021-12-02 09:22:47,45.3167,55.2,43.54,49,98,15.19
504,Alvinopolis,BR,2021-12-02 09:22:48,-20.1067,-43.0489,66.97,97,26,2.84
505,Emerald,AU,2021-12-02 09:22:48,-23.5333,148.1667,83.34,26,95,6.2
506,Osoyoos,CA,2021-12-02 09:22:49,49.0331,-119.4524,59.76,63,100,2.3
507,Carnot,CF,2021-12-02 09:23:50,4.9409,15.8665,91.54,40,7,1.7
508,Turukhansk,RU,2021-12-02 09:23:50,65.8167,87.9833,0.18,94,100,14.36
509,Dunedin,NZ,2021-12-02 09:23:51,-45.8742,170.5036,57.2,92,100,13.38
510,Port Moresby,PG,2021-12-02 09:23:51,-9.4431,147.1797,81.82,83,90,11.5
511,Deputatskiy,RU,2021-12-02 09:23:52,69.3,139.9,-37.39,100,96,0.94
512,Nisia Floresta,BR,2021-12-02 09:23:53,-6.0911,-35.2086,80.98,77,93,4.61
513,Laguna,US,2021-12-02 09:23:53,38.421,-121.4238,66.22,98,1,0.0
514,Bocas Del Toro,PA,2021-12-02 09:23:54,9.3333,-82.25,75.42,80,42,7.29
515,Kingman,US,2021-12-02 09:23:54,35.1894,-114.053,59.18,19,1,8.01
516,Angouleme,FR,2021-12-02 09:23:55,45.65,0.15,40.93,95,90,4.61
517,Sadri,IN,2021-12-02 09:23:56,25.1833,73.4333,70.99,36,97,4.88
518,Bukama,CD,2021-12-02 09:23:56,-9.2,25.85,88.41,53,71,1.68
519,Caravelas,BR,2021-12-02 09:23:57,-17.7125,-39.2481,73.27,93,40,7.36
520,Arman,RU,2021-12-02 09:23:57,59.7,150.1667,-1.1,95,100,21.77
521,Komsomolskiy,UZ,2021-12-02 09:23:58,40.4272,71.7189,59.72,26,13,4.61
522,Lubao,PH,2021-12-02 09:23:59,14.9167,120.55,84.22,62,91,9.75
523,Seoul,KR,2021-12-02 09:23:53,37.5683,126.9778,45.84,68,0,5.75
524,Kushima,JP,2021-12-02 09:24:00,31.4583,131.2333,48.24,65,10,5.32
525,Mahibadhoo,MV,2021-12-02 09:24:00,3.7833,72.9667,82.24,77,43,10.09
526,Hvide Sande,DK,2021-12-02 09:24:01,56.0045,8.1294,35.1,86,75,3.44
527,Lastoursville,GA,2021-12-02 09:24:01,-0.8143,12.7287,81.45,83,75,0.6
528,Lagoa,PT,2021-12-02 09:24:02,39.05,-27.9833,62.78,82,0,8.77
529,Barkhan,PK,2021-12-02 09:24:03,29.8977,69.5256,67.53,18,0,1.63
530,Mazagao,BR,2021-12-02 09:24:03,-0.115,-51.2894,77.05,96,100,2.66
531,Salekhard,RU,2021-12-02 09:24:04,66.53,66.6019,0.45,95,100,19.37
532,Bandarbeyla,SO,2021-12-02 09:24:05,9.4942,50.8122,80.89,53,0,18.9
533,Xining,CN,2021-12-02 09:24:05,36.6167,101.7667,32.31,30,100,1.16
534,Kargasok,RU,2021-12-02 09:24:06,59.0556,80.8572,30.13,71,100,15.21
535,Katobu,ID,2021-12-02 09:24:07,-4.9408,122.5276,82.33,78,85,3.91
536,Les Cayes,HT,2021-12-02 09:24:07,18.2,-73.75,74.55,81,89,3.51
537,Hirara,JP,2021-12-02 09:24:08,24.8,125.2833,66.06,68,75,11.5
538,Sitka,US,2021-12-02 09:24:10,57.0531,-135.33,33.69,80,90,11.5
539,Talcahuano,CL,2021-12-02 09:24:11,-36.7167,-73.1167,53.28,82,0,9.22
540,Muriwai Beach,NZ,2021-12-02 09:24:12,-36.8167,174.45,68.36,81,77,6.04
541,Ballina,AU,2021-12-02 09:21:20,-28.8667,153.5667,73.58,94,51,13.38
542,Delijan,IR,2021-12-02 09:24:13,33.9905,50.6838,60.4,26,8,5.93
543,Novo Aripuana,BR,2021-12-02 09:24:14,-5.1206,-60.3797,72.5,99,100,1.77
544,Shimoda,JP,2021-12-02 09:24:15,34.6667,138.95,53.71,66,46,4.12
545,Matay,EG,2021-12-02 09:24:15,28.419,30.7792,66.87,44,100,11.34
546,Great Falls,US,2021-12-02 09:24:16,47.5002,-111.3008,60.67,59,1,5.01
547,Ketchikan,US,2021-12-02 09:24:17,55.3422,-131.6461,32.47,86,90,0.0
548,Noumea,NC,2021-12-02 09:19:45,-22.2763,166.4572,82.0,99,100,11.43
549,Sindor,RU,2021-12-02 09:24:18,62.8629,51.8905,15.96,95,90,4.74
550,North Platte,US,2021-12-02 09:25:18,41.1239,-100.7654,51.26,63,1,5.99
551,Songea,TZ,2021-12-02 09:25:19,-10.6833,35.65,81.73,47,26,8.84
552,At-Bashi,KG,2021-12-02 09:25:20,41.1702,75.8106,28.08,63,1,0.92
553,Twin Falls,US,2021-12-02 09:25:21,42.3505,-114.6445,35.49,93,1,5.75
